{
  "required": true,
  "compatibilityLevel": "JAVA_8",
  "package": "me.zeroeightsix.kami.mixin.client",
  "refmap": "mixins.kami.refmap.json",
  "client": [
    "MixinAbstractClientPlayer",
    "MixinBlockLiquid",
    "MixinBlockSoulSand",
    "MixinBlockWeb",
    "MixinC00Handshake",
    "MixinChunkCache",
    "MixinEntity",
    "MixinEntityLlama",
    "MixinEntityPig",
    "MixinEntityPlayer",
    "MixinEntityPlayerSP",
    "MixinEntityRenderer",
    "MixinFrustum",
    "MixinGuiChat",
    "MixinGuiIngameMenu",
    "MixinGuiMainMenu",
    "MixinGuiNewChat",
    "MixinGuiPlayerTabOverlay",
    "MixinGuiScreen",
    "MixinLayerArmorBase",
    "MixinMinecraft",
    "MixinModelBoat",
    "MixinMovementInputFromOptions",
    "MixinNetHandlerPlayClient",
    "MixinNetworkManager",
    "MixinPlayerControllerMP",
    "MixinRenderLiving",
    "MixinRenderPlayer",
    "MixinStateImplementation",
    "MixinTileEntityBeacon",
    "MixinVisGraph",
    "MixinWorld"
  ]
}
